{
  "name": "Root Cause Analysis Widget",
  "contextPath": "rca-runtime-widget",
  "key": "rca-widget-application-key",
  "contentSecurityPolicy": "default-src 'self'",
  "icon": {
    "class": "dlt-c8y-icon-cogs"
  },
  "manifest": {
    "noAppSwitcher": true,
    "requiredPlatformVersion": ">=1011.0.0",
    "version": "2.0.0",
    "author": "Sabreen Irfana - Software AG, Global Presales",
    "description": "It is used to display AD value along with its RCA when AD =1.",
    "license": "Apache 2.0"
  }
}
